initial_capital,final_value,total_return,annualized_return,annualized_volatility,sharpe_ratio,max_drawdown,win_rate,total_trades,avg_positions,num_days
10000,8398.322716647775,-0.16016772833522244,-0.2103232011683187,0.49901975364949797,-0.4214726964817624,-0.26556022486170433,0.2936802973977695,270,1.8962962962962964,270
