strategy,initial_capital,final_capital,total_return_pct,annualized_return_pct,annualized_vol_pct,sharpe_ratio,max_drawdown_pct,win_rate_pct,n_rebalances
Long Low Volume / Short High Volume,100000,22838.436445442774,-77.16156355455723,-25.126014656810113,27.546323768990334,-0.9121367652367163,-80.4073111494987,45.13618677042802,257
Long Low RVOL / Short High RVOL,100000,378.97487572011835,-99.62102512427988,-66.46257218894141,32.119772775499726,-2.069210534379547,-99.6820556665133,47.91550861589772,257
