category,count,mean_return_zscore,mean_volume_zscore,mean_forward_return,median_forward_return,std_forward_return,positive_days_pct,sharpe_ratio
up_move_low_volume,21,2.6136155183341585,0.3612125548984754,-0.0024296597048054486,-0.00512691631063078,0.02489482211439984,42.857142857142854,-1.8645878757545291
down_move_low_volume,17,-2.6061599352139444,0.8147519864671133,0.025261746725128792,0.012443609355750729,0.041786668523707056,70.58823529411765,11.549736089917523
up_move_high_volume,3,2.9771624094322515,4.05992744931779,-0.02379150876454872,-0.017416968034251967,0.0196704537023561,0.0,-23.10755733479393
down_move_high_volume,3,-2.0728846764763027,6.174524979893499,-0.019531997681617248,-0.017330735105103856,0.012535042755502821,0.0,-29.76920773474945
