return_bucket,count,mean_return_zscore,mean_forward_return,median_forward_return,std_forward_return,positive_days_pct
-2 to -1,71,-1.3803461569944306,0.006892553246703506,0.0035180299032542273,0.05514431695036874,52.112676056338024
-1 to 0,200,-0.4293008142625733,0.002579918942061963,0.00021222077529292616,0.045911727347600906,51.0
0 to 1,174,0.45525894669106676,0.0022016680320409085,1.2904035823768645e-06,0.03655180493245379,50.0
1 to 2,70,1.3647711344983224,0.006294236475299291,0.0006306683746727382,0.08295763679662968,51.42857142857142
>2,24,2.6590588797214205,-0.005099890837273358,-0.008792434741675237,0.024992833253102465,37.5
<-2,20,-2.526168646403298,0.01854268506411689,0.006146645368524384,0.04190766044567406,60.0
