category,count,mean_return_zscore,mean_volume_zscore,mean_forward_return,median_forward_return,std_forward_return,positive_days_pct,sharpe_ratio
high_return_low_volume,132,0.135644426438218,-0.06272226066568364,0.011046795306014594,0.005707347965067999,0.06848358368414321,56.81818181818182,3.081741880790924
high_return_high_volume,53,-0.1336155063456341,2.0249314260670745,-0.00527835519658962,-0.007542087542087628,0.047459747259538575,35.84905660377358,-2.1248076582684634
low_return_high_volume,94,-0.13833559907952603,-0.04645395020262711,0.0029921533533402633,0.004589699643519296,0.03448672904502211,58.51063829787234,1.6575944176977646
low_return_low_volume,280,0.02270871494716579,-0.24904502297700154,0.0022064700384768787,-0.0008940049825303387,0.043992715990905804,47.85714285714286,0.958216603499711
