category,count,mean_return_zscore,mean_volume_zscore,mean_forward_return,median_forward_return,std_forward_return,positive_days_pct,sharpe_ratio
low_return_low_volume,496,-0.0029330084120527617,-0.19271306865697607,0.004291966220278015,0.0005223500995564789,0.05138720996446211,51.81451612903226,1.5956869337946673
high_return_low_volume,38,0.27845281543106004,0.564111774284445,0.009958601066480922,0.0031299329554661526,0.03584390696710009,55.26315789473685,5.307981811405868
low_return_high_volume,19,-0.4032069309269905,3.5994119349734035,-0.015777546604393965,-0.009749938624487142,0.03775427811660046,26.31578947368421,-7.983985383222246
high_return_high_volume,6,0.45213886647797435,5.117226214605645,-0.021661753223082985,-0.01737385156967791,0.014935348964627919,0.0,-27.70924303280091
