Strategy,Total Return,Ann. Return,Sharpe,Max DD,Final Value
Trend Following (Static),0.2077590364544323,0.0414115353903574,0.1466039821422884,-0.443883788956134,12077.590364544323
Mean Reversion (Static),-0.4292823288587351,-0.1135777977998822,-0.4020850056260288,-0.725396059332746,5707.176711412649
Optimal Switching,4.117142291660873,0.4204033289322464,1.4920472021924216,-0.22840797053932932,51171.422916608724
Blended Switching (80/20),1.7818078585800832,0.24598270905389863,1.4550226238048802,-0.1389027771774067,27818.07858580083
