Strategy,Description,Avg Return,Avg Drawdown,Stdev Return,Stdev Downside Return,Sharpe Ratio,Sortino Ratio,Information Coefficient,Max Drawdown,Win Rate,Calmar Ratio,Total Return,Final Value,Num Days
Dilution Factor,"Long low dilution, Short high dilution, 7d rebal",0.4518766203472999,-0.3338440261664148,0.6329101287254147,0.4322038172879238,0.2853271735397902,0.4178270781297265,-0.041134835099898494,-0.7287369031034747,0.5248618784530387,0.24780748355800716,0.509517207955608,15095.17207955608,906
