Strategy,Description,Sharpe Ratio,Weight,Weight_Pct
Beta Factor (BAB),"Strategy: BAB, Weighting: equal_weight, Rebal: 5d (VECTORIZED)",0.5595100925794301,0.35514002539217615,35.514002539217614
Breakout Signal,"Entry: 50d, Exit: 70d (VECTORIZED)",0.4632697475031562,0.29405301543929036,29.405301543929035
Volatility Factor,Strategy: long_low_short_high (VECTORIZED),0.3163640037219392,0.20080695916853342,20.08069591685334
Size Factor,Strategy: long_small_short_large (VECTORIZED),-0.7884841671588592,0.04999999999999999,4.999999999999999
Carry Factor,"Top 10 short, Bottom 10 long (VECTORIZED)",-1.1019722109680277,0.04999999999999999,4.999999999999999
Kurtosis Factor,"Strategy: momentum, Rebal: 14d (VECTORIZED)",-0.8480829313829666,0.04999999999999999,4.999999999999999
