Strategy,Description,Avg Return,Avg Drawdown,Stdev Return,Stdev Downside Return,Sharpe Ratio,Sortino Ratio,Information Coefficient,Max Drawdown,Win Rate,Calmar Ratio,Total Return,Final Value,Num Days
Leverage Inverted,"LONG low leverage, SHORT high leverage, Risk Parity, 7d rebal",0.05787891635161335,-0.040833953226856096,0.0896961191411165,0.06284782345477688,0.588531474573769,0.8399493627595693,0.05255477458081158,-0.08607098774355745,0.5141187925998053,0.6133191990191502,0.15579263320286335,11557.926332028634,1028
