Strategy,Description,Sharpe Ratio,Weight,Weight_Pct
Kurtosis Factor,"Strategy: momentum, Rebal: 14d (VECTORIZED)",0.7950147995001107,0.26646152872809087,26.646152872809086
Size Factor,Strategy: long_large_short_small (VECTORIZED),0.7002620069491946,0.2347036621195093,23.470366211950928
Beta Factor (BAB),"Strategy: BAB, Weighting: equal_weight, Rebal: 5d (VECTORIZED)",0.5595100925794301,0.187528477081501,18.7528477081501
Breakout Signal,"Entry: 50d, Exit: 70d (VECTORIZED)",0.4632697475031562,0.15527203419456656,15.527203419456656
Volatility Factor,Strategy: long_low_short_high (VECTORIZED),0.3163640037219392,0.10603429787633233,10.603429787633232
Carry Factor,"Top 10 short, Bottom 10 long (VECTORIZED)",-1.1019722109680277,0.05000000000000002,5.000000000000002
