Strategy,Description,Avg Return,Avg Drawdown,Stdev Return,Stdev Downside Return,Sharpe Ratio,Sortino Ratio,Information Coefficient,Max Drawdown,Win Rate,Calmar Ratio,Total Return,Final Value,Num Days
Dilution Factor,"Long low dilution, Short high dilution, 7d rebal",2.108153665338372,-0.6137849072955328,0.965441866976,0.5852037398431242,0.9630824486531375,1.5888485564510482,0.094518898031257,-0.9276107786796646,0.5036399735274653,1.0023601909875977,14.202517487385691,152025.17487385691,1512
