Strategy,Description,Avg Return,Avg Drawdown,Stdev Return,Stdev Downside Return,Sharpe Ratio,Sortino Ratio,Information Coefficient,Max Drawdown,Win Rate,Calmar Ratio,Total Return,Final Value,Num Days
Carry Factor,"Top 10 short, Bottom 10 long (VECTORIZED)",-0.11358192785543175,-0.16085790493172628,0.15083660803773666,0.11116718544829467,-0.8126296330824707,-1.1026122227599378,-0.07821975104709039,-0.35241862992939493,0.4902534113060429,-0.3478087905559007,-0.30765841960874685,6923.415803912531,1027
