Strategy,Description,Avg Return,Avg Drawdown,Stdev Return,Stdev Downside Return,Sharpe Ratio,Sortino Ratio,Information Coefficient,Max Drawdown,Win Rate,Calmar Ratio,Total Return,Final Value,Num Days
Mean Reversion,Best category: up_move_low_volume,11.408555431928862,-0.27776545597125896,1.0539684430949665,0.5227919673293999,6.382710069292282,12.86778568695931,0.13970351392905084,-0.6474718169781488,0.5134328358208955,10.389911681183776,5.560034898955558,65600.34898955558,336
Size Factor,Strategy: long_small_short_large,0.4116982948469581,-0.09625089936887549,0.326742872485782,0.2325990537050456,1.0343980229916634,1.453067740140073,0.007438487905991785,-0.30185869796016607,0.5287846481876333,1.1196701755154026,0.45450427935049703,14545.04279350497,470
Carry Factor,"Top 10 short, Bottom 10 long",0.3265344717113958,-0.028601140849067588,0.28990592445779306,0.18442150465181023,0.9213934589581839,1.4484071313318718,0.17780765896935902,-0.06320747447235094,0.3157894736842105,4.22604169425377,0.03830952772720539,10383.095277272054,58
OI Divergence (divergence),"Mode: divergence, Top 10, Bottom 10",0.7199507511452437,-0.19428517073855708,0.6287398665982064,0.43607449826786193,0.6781460941719898,0.9777629429774316,-0.0030287068189914705,-0.5014086258541351,0.509594882729211,0.8503592933956208,0.5793099078357711,15793.09907835771,470
Volatility Factor,Strategy: long_low_short_high,0.0669103964786466,-0.23062963188153665,0.4216031752738226,0.29979762659843473,-0.07099154485478604,-0.09983488217690935,0.11671011247905759,-0.4567601547304002,0.4968017057569296,-0.06552730227976637,-0.03834746877738762,9616.525312226124,470
Kurtosis Factor,"Strategy: momentum, Rebal: 14d",0.10259114057453078,-0.21398300739035633,0.5216388868716997,0.4153917705377611,-0.06988364566102587,-0.08775818328312303,0.24381630609621593,-0.6098075792110578,0.4711111111111111,-0.059779557315959304,-0.04481792881970523,9551.820711802948,451
