Strategy,Description,Avg Return,Avg Drawdown,Stdev Return,Stdev Downside Return,Sharpe Ratio,Sortino Ratio,Information Coefficient,Max Drawdown,Win Rate,Calmar Ratio,Total Return,Final Value,Num Days
Breakout Signal,"Entry: 50d, Exit: 70d (VECTORIZED)",0.14562757160991335,-0.08258370312583267,0.23611241804260302,0.19607227679703362,0.4632697475031562,0.5578745862281497,0.0011426891882383142,-0.25383593327125475,0.5303983228511531,0.43092299375938414,0.31181624938155744,13118.162493815575,955
Size Factor,Strategy: long_large_short_small (VECTORIZED),0.17643448836814457,-0.12079161010585059,0.2116025356851503,0.14349824882441625,0.7002620069491946,1.03260644313319,-0.021480843473450337,-0.29487606946294087,0.5272904483430799,0.5025067533770976,0.47479433220325684,14747.943322032568,1027
Carry Factor,"Top 10 short, Bottom 10 long (VECTORIZED)",-0.1576643492257529,-0.18355551010427987,0.1537949369401418,0.10663611678984206,-1.1019722109680277,-1.5893090614845096,-0.05301558044122286,-0.4507100894960226,0.4697855750487329,-0.3760238580084239,-0.4067549706525636,5932.450293474364,1027
Volatility Factor,Strategy: long_low_short_high (VECTORIZED),0.13474908684991926,-0.13875865373435875,0.2629547960774902,0.18058225589312826,0.3163640037219392,0.46067334619074557,0.02296675385812978,-0.3054132886701653,0.5261044176706827,0.2723831449744228,0.2437424612863977,12437.424612863977,997
Kurtosis Factor,"Strategy: momentum, Rebal: 14d (VECTORIZED)",0.1594031160099212,-0.04961088241764084,0.17440989951057864,0.1184244199374505,0.7950147995001107,1.1708602952285843,-0.06171643790251569,-0.16351894023444488,0.5210843373493976,0.8479656918729775,0.4253900607366366,14253.900607366366,997
Beta Factor (BAB),"Strategy: BAB, Weighting: equal_weight, Rebal: 5d (VECTORIZED)",0.19972286305796705,-0.14225150281592958,0.26909670437834815,0.18097264254954779,0.5595100925794301,0.8319617808439043,-0.00018674245880400048,-0.34748704491803595,0.5031120331950207,0.43328902237222466,0.44852566659612186,14485.256665961218,965
