Strategy,Description,Avg Return,Avg Drawdown,Stdev Return,Stdev Downside Return,Sharpe Ratio,Sortino Ratio,Information Coefficient,Max Drawdown,Win Rate,Calmar Ratio,Total Return,Final Value,Num Days
Dilution Factor,"Long low dilution, Short high dilution, 7d rebal",2.036020592438167,-0.5226008495172733,0.9246739371148532,0.5775409556032985,1.034394448565923,1.6561207962923847,0.1035159770775968,-0.8924465588512184,0.5093516209476309,1.0717477453399604,18.090338471828545,190903.38471828544,1605
