Strategy,Description,Avg Return,Avg Drawdown,Stdev Return,Stdev Downside Return,Sharpe Ratio,Sortino Ratio,Information Coefficient,Max Drawdown,Win Rate,Calmar Ratio,Total Return,Final Value,Num Days
Carry Factor,"Top 10 short, Bottom 10 long (VECTORIZED)",-0.24074317683442248,-0.06361137674748854,0.16549377408723495,0.11529910707346563,-1.5089314113275683,-2.1658342413724228,0.0032124340224785513,-0.15529042334786916,0.423841059602649,-1.6080756862899215,-0.11269262503736027,8873.073749626397,152
Kurtosis Factor,"Strategy: momentum, Rebal: 14d (VECTORIZED)",-0.05516604749983378,-0.07097717917029915,0.16916072169075,0.10969983658172651,-0.5202404293923201,-0.8022276899487198,-0.13825480931613002,-0.11477220730225698,0.4380165289256198,-0.766773146193381,-0.030301132007604065,9696.98867992396,122
