Strategy,Description,Avg Return,Avg Drawdown,Stdev Return,Stdev Downside Return,Sharpe Ratio,Sortino Ratio,Information Coefficient,Max Drawdown,Win Rate,Calmar Ratio,Total Return,Final Value,Num Days
Carry Factor,"Top 10 short, Bottom 10 long (VECTORIZED)",-0.0478814175151262,-0.10085621795636386,0.10752038787493172,0.09276961816385704,-0.49597999546817023,-0.5748429555541824,0.004132404897912957,-0.2459828278794024,0.4780915287244401,-0.21679546475126124,-0.14293574989400112,8570.642501059989,1028
Volatility Factor,Strategy: long_low_short_high (VECTORIZED),0.13474908684991926,-0.13875865373435875,0.2629547960774902,0.18058225589312826,0.3163640037219392,0.46067334619074557,0.02296675385812978,-0.3054132886701653,0.5261044176706827,0.2723831449744228,0.2437424612863977,12437.424612863977,997
Beta Factor (BAB),"Strategy: BAB, Weighting: equal_weight, Rebal: 5d (VECTORIZED)",0.19972286305796705,-0.14225150281592958,0.26909670437834815,0.18097264254954779,0.5595100925794301,0.8319617808439043,-0.00018674245880400048,-0.34748704491803595,0.5031120331950207,0.43328902237222466,0.44852566659612186,14485.256665961218,965
