Strategy,Description,Avg Return,Avg Drawdown,Stdev Return,Stdev Downside Return,Sharpe Ratio,Sortino Ratio,Information Coefficient,Max Drawdown,Win Rate,Calmar Ratio,Total Return,Final Value,Num Days
Dilution Factor,"Long low dilution, Short high dilution, 7d rebal",1.3791809843258078,-0.6139384262390333,0.9090603804191932,0.5468293006422041,0.6168555586879724,1.025473485393008,0.048608876197609216,-0.9276107786796646,0.4966931216931217,0.60451965601645,5.3221998097275165,63221.998097275165,1513
