Strategy,Description,Avg Return,Avg Drawdown,Stdev Return,Stdev Downside Return,Sharpe Ratio,Sortino Ratio,Information Coefficient,Max Drawdown,Win Rate,Calmar Ratio,Total Return,Final Value,Num Days
Kurtosis Factor,"Strategy: mean_reversion, Regime: bear_only, Rebal: 14d (VECTORIZED+REGIME-FILTERED)",0.21269312224592762,-0.027762937628334306,0.13312576621202132,0.08061220277670271,1.4351230618577968,2.3700116190544804,0.010079721040600117,-0.0754048390810123,0.5171339563862928,2.533681651559549,0.16664725770973837,11666.472577097384,322
