Strategy,Description,Sharpe Ratio,Weight,Weight_Pct
Size Factor,Strategy: long_large_short_small (VECTORIZED),0.7002620069491946,0.27469255585018276,27.469255585018278
Beta Factor (BAB),"Strategy: BAB, Weighting: equal_weight, Rebal: 5d (VECTORIZED)",0.5595100925794301,0.21947964594595917,21.947964594595916
Breakout Signal,"Entry: 50d, Exit: 70d (VECTORIZED)",0.4632697475031562,0.18172733880583575,18.172733880583575
Volatility Factor,Strategy: long_low_short_high (VECTORIZED),0.3163640037219392,0.1241004593980224,12.41004593980224
Mean Reversion,"Z-score threshold: 1.0, 2d holding (VECTORIZED)",-0.031625948938786425,0.05000000000000002,5.000000000000002
Carry Factor,"Top 10 short, Bottom 10 long (VECTORIZED)",-0.8126296330824707,0.05000000000000002,5.000000000000002
Days from High,Max 20 days from 200d high (VECTORIZED),-0.24102212284009455,0.05000000000000002,5.000000000000002
Kurtosis Factor,"Strategy: momentum, Rebal: 14d (VECTORIZED)",-0.8480829313829666,0.05000000000000002,5.000000000000002
