Strategy,Description,Avg Return,Avg Drawdown,Stdev Return,Stdev Downside Return,Sharpe Ratio,Sortino Ratio,Information Coefficient,Max Drawdown,Win Rate,Calmar Ratio,Total Return,Final Value,Num Days
Beta Factor (BAB),"Strategy: BAB, Weighting: equal_weight, Rebal: 5d (VECTORIZED)",0.19972286305796705,-0.14225150281592958,0.26909670437834815,0.18097264254954779,0.5595100925794301,0.8319617808439043,-0.00018674245880400048,-0.34748704491803595,0.5031120331950207,0.43328902237222466,0.44852566659612186,14485.256665961218,965
