Strategy,Description,Sharpe Ratio,Weight,Weight_Pct
Mean Reversion,Best category: up_move_low_volume,6.382710069292282,0.6370925523838878,63.709255238388785
Size Factor,Strategy: long_small_short_large,1.0343980229916634,0.10324881899604713,10.324881899604712
Carry Factor,"Top 10 short, Bottom 10 long",0.9213934589581839,0.09196922688712646,9.196922688712645
OI Divergence (divergence),"Mode: divergence, Top 10, Bottom 10",0.6781460941719898,0.06768940173293855,6.7689401732938554
Breakout Signal,"Entry: 50d, Exit: 70d",-1.0474871563647228,0.04999999999999999,4.999999999999999
Days from High,Max 20 days from 200d high,-0.3897090970162249,0.04999999999999999,4.999999999999999
