Strategy,Description,Avg Return,Avg Drawdown,Stdev Return,Stdev Downside Return,Sharpe Ratio,Sortino Ratio,Information Coefficient,Max Drawdown,Win Rate,Calmar Ratio,Total Return,Final Value,Num Days
Turnover Factor,"Long high turnover, Short low turnover (30d rebalance)",-0.04245018448156013,-0.4221734223051764,0.28772468258541894,0.27620514789450595,-0.2798611285711325,-0.2915331412174882,0.022400897060179545,-0.6266539573548146,0.5396527451900516,-0.12849668216574228,-0.3873892458665065,6126.1075413349345,2132
