Strategy,Description,Avg Return,Avg Drawdown,Stdev Return,Stdev Downside Return,Sharpe Ratio,Sortino Ratio,Information Coefficient,Max Drawdown,Win Rate,Calmar Ratio,Total Return,Final Value,Num Days
Mean Reversion,Best category: down_move_low_volume,3.7518413478882024,-0.7962606859919095,1.2088930934715545,0.8665723309637444,1.0517243979857094,1.4671855026186453,0.520689056294268,-0.9999999965084495,0.5389368001029734,1.271422365399688,37980528.00165582,379805290016.55817,7770
