Strategy,Description,Avg Return,Avg Drawdown,Stdev Return,Stdev Downside Return,Sharpe Ratio,Sortino Ratio,Information Coefficient,Max Drawdown,Win Rate,Calmar Ratio,Total Return,Final Value,Num Days
Size Factor,Strategy: long_small_short_large (VECTORIZED),-0.24497266554792885,-0.3120015467720219,0.21379622063018178,0.1360631462570706,-1.2187818511424195,-1.915073704488627,-0.01851802690543951,-0.646995411927692,0.45419103313840153,-0.40274003299427935,-0.5720758774197179,4279.241225802821,1027
Carry Factor,"Top 10 short, Bottom 10 long (VECTORIZED)",-0.1576643492257529,-0.18355551010427987,0.1537949369401418,0.10663611678984206,-1.1019722109680277,-1.5893090614845096,-0.05301558044122286,-0.4507100894960226,0.4697855750487329,-0.3760238580084239,-0.4067549706525636,5932.450293474364,1027
Kurtosis Factor,"Strategy: momentum, Rebal: 1d (VECTORIZED)",-0.12317291381246731,-0.270861210078606,0.1759502265436463,0.12341724306076106,-0.7625167609857552,-1.0870847015495122,-0.06137157727395754,-0.44593627248217926,0.48092369477911645,-0.30086136768372573,-0.325129218102406,6748.7078189759395,997
