Strategy,Description,Avg Return,Avg Drawdown,Stdev Return,Stdev Downside Return,Sharpe Ratio,Sortino Ratio,Information Coefficient,Max Drawdown,Win Rate,Calmar Ratio,Total Return,Final Value,Num Days
Mean Reversion,Best category: down_move_low_volume (Risk Parity),2.031492030209842,-0.33625804721203,1.0594760096533506,0.7167483752208554,0.6337753138074895,0.936827712072114,-0.011575282892431317,-0.6629946941156974,0.5295774647887324,1.0127829776755086,3.4784109723001952,44784.10972300195,1066
