final_value,total_return,annualized_return,annualized_volatility,sharpe_ratio,max_drawdown
147324.6074237347,0.473246074237347,0.10098863305483485,0.5671316232723356,0.17806912700817654,-0.7679673237130423
