final_value,total_return,annualized_return,annualized_volatility,sharpe_ratio,max_drawdown
10014.6109704685,0.0014610970468500462,0.0003380014740259618,0.004944034100886075,0.06836552239099339,-0.010923603322474983
