,iqr_spread,median,majors_return,small_caps_return,btc_return
iqr_spread,1.0,0.5801372406592598,-0.017567319194765132,0.004198785747334104,0.023908427390776085
median,0.5801372406592598,1.0,-0.006100534324343709,0.0015642441144639938,0.1316876262129444
majors_return,-0.017567319194765132,-0.006100534324343709,1.0,0.3370047982028735,-0.054226794803580405
small_caps_return,0.004198785747334104,0.0015642441144639938,0.3370047982028735,1.0,-0.012764763718588343
btc_return,0.023908427390776085,0.1316876262129444,-0.054226794803580405,-0.012764763718588343,1.0
