,iqr_spread,median,majors_return,small_caps_return,btc_return
iqr_spread,1.0,0.6204289502097355,0.0032849678518556795,,0.033149948165962326
median,0.6204289502097355,1.0,0.01958773514479191,,0.10970195713231749
majors_return,0.0032849678518556795,0.01958773514479191,1.0,,-0.030157656361481624
small_caps_return,,,,,
btc_return,0.033149948165962326,0.10970195713231749,-0.030157656361481624,,1.0
