final_value,total_return,annualized_return,annualized_volatility,sharpe_ratio,max_drawdown
9985.410346431245,-0.0014589653568755079,-0.0003378872676313982,0.0049440341008860815,-0.06834242255142238,-0.009351159144743944
