,iqr_spread,median,majors_return,small_caps_return,btc_return
iqr_spread,1.0,0.6604760135878537,0.06462025382754188,,0.3309962432991024
median,0.6604760135878537,1.0,-0.013581373803999368,,0.6870462879364722
majors_return,0.06462025382754188,-0.013581373803999368,1.0,,-0.3151838874147348
small_caps_return,,,,,
btc_return,0.3309962432991024,0.6870462879364722,-0.3151838874147348,,1.0
