final_value,total_return,annualized_return,annualized_volatility,sharpe_ratio,max_drawdown
13192.639739940334,0.3192639739940335,0.06405456309106405,0.28035807583551753,0.22847411439877352,-0.5700785857059891
