regime,num_days,avg_return_annualized,volatility,sharpe,win_rate
LOW_SPREAD,14,1.456999235269378,0.29712598073774626,4.903641316224636,0.5
MEDIUM_SPREAD,75,1.9860572137013854,0.5255609889833195,3.778928145986155,0.6266666666666667
HIGH_SPREAD,13,-2.3880112167884406,0.4597608467849214,-5.194029099014526,0.38461538461538464
