regime,num_days,avg_return_annualized,volatility,sharpe,win_rate
MEDIUM_SPREAD,19,2.4477686021722733,0.4569413343938577,5.356855285196052,0.631578947368421
