initial_capital,final_value,total_return,annualized_return,annualized_volatility,sharpe_ratio,max_drawdown,win_rate,num_days,avg_long_positions,avg_short_positions,avg_total_positions,avg_long_exposure,avg_short_exposure,avg_net_exposure,avg_gross_exposure,avg_long_funding_rate,avg_short_funding_rate,total_funding_cost
10000,1.8136699407914102e-20,-1.0,-0.9999340948745146,1.693027734609627,-0.5906188507331667,-1.0,0.27110467920887604,2074,2.51976856316297,2.8437801350048217,5.363548698167792,0.4662487945998071,0.4493731918997107,0.016875602700096432,0.9156219864995179,2.2321028918612025,-0.4286427721724077,53.26902095844038
