final_value,total_return,annualized_return,annualized_volatility,sharpe_ratio,max_drawdown
5819.750462563874,-0.4180249537436126,-0.11423232444763864,0.26834727978322037,-0.42568840101498034,-0.5700785857059892
