,Breakout Signal,Mean Reversion,Size Factor,Carry Factor,Days from High,Volatility Factor,Kurtosis Factor,Beta Factor (BAB)
Breakout Signal,1.0,0.10394198020116312,0.027991655401903567,-0.18925685325356537,0.2728565203862536,-0.04450055821228705,-0.10519924476645459,0.011725810397421715
Mean Reversion,0.10394198020116312,1.0,-0.4265994574990733,0.11135495424106234,0.7521720507627041,-0.4891325119364738,0.05434345441939419,-0.5552831485380496
Size Factor,0.027991655401903567,-0.4265994574990733,1.0,-0.062126787062164866,-0.24688598195119657,0.4643917953437472,-0.13554438736878266,0.364054132202168
Carry Factor,-0.18925685325356537,0.11135495424106234,-0.062126787062164866,1.0,0.09355632608118371,-0.09581888286186534,-0.01700618767545458,-0.13460559585367463
Days from High,0.2728565203862536,0.7521720507627041,-0.24688598195119657,0.09355632608118371,1.0,-0.4084315472015234,0.01858106266333874,-0.248845630018951
Volatility Factor,-0.04450055821228705,-0.4891325119364738,0.4643917953437472,-0.09581888286186534,-0.4084315472015234,1.0,-0.05004719343493454,0.569659194177677
Kurtosis Factor,-0.10519924476645459,0.05434345441939419,-0.13554438736878266,-0.01700618767545458,0.01858106266333874,-0.05004719343493454,1.0,-0.13471181704777935
Beta Factor (BAB),0.011725810397421715,-0.5552831485380496,0.364054132202168,-0.13460559585367463,-0.248845630018951,0.569659194177677,-0.13471181704777935,1.0
