{
  "Portfolio": "Custom User Allocation",
  "Annualized Return": 0.2371486622631604,
  "Annualized Volatility": 0.1846483527067018,
  "Sharpe Ratio": 1.2843259026515708,
  "Sortino Ratio": 1.9385630564376997,
  "Max Drawdown": -0.10169409776423759,
  "Win Rate": 0.6,
  "Calmar Ratio": 2.331980591567406,
  "Number of Days": 130
}