,Original_Sharpe,Avg_Abs_Correlation,Diversification_Factor,Adjusted_Sharpe,Weight,Weight_Pct
Size Factor,0.7002620069491946,0.24679917097557655,0.8766004145122117,0.6138499655588173,0.34114932176326207,34.11493217632621
Beta Factor (BAB),0.5595100925794301,0.2884121897479602,0.8557939051260199,0.4788253270859714,0.2661088942633482,26.610889426334822
Breakout Signal,0.4632697475031562,0.10792466037414983,0.9460376698129251,0.4382706324227081,0.24357047713385696,24.357047713385697
Volatility Factor,0.3163640037219392,0.30314024045264404,0.848429879773678,0.2684126736425243,0.14917130683953278,14.917130683953278
