Strategy,Description,Avg Return,Avg Drawdown,Stdev Return,Stdev Downside Return,Sharpe Ratio,Sortino Ratio,Information Coefficient,Max Drawdown,Win Rate,Calmar Ratio,Total Return,Final Value,Num Days
Size Factor,Strategy: long_large_short_small (VECTORIZED),0.12741981229393473,-0.16513908114520418,0.24906586493979516,0.1915904469254769,0.37354368153959083,0.48560344019471,0.04018099775408498,-0.451536127950403,0.5284552845528455,0.2060454842401289,0.664502201891848,16645.02201891848,2092
Kurtosis Factor,"Strategy: momentum, Rebal: 14d (VECTORIZED)",0.11678849094849886,-0.15817328184886764,0.24589934920218284,0.17910717903681503,0.3383900954177542,0.46458162474094206,-0.08235265435493869,-0.4022260699100005,0.5181950509461426,0.20687347356253868,0.5702482400793729,15702.48240079373,2062
