Strategy,Weight,Expected_Return,Weight_Pct,Sharpe_Ratio
Size Factor,0.24985731138579909,0.162524417219111,24.985731138579908,0.7002620069491946
ADF Factor (trend_following_premium),0.2427968666865481,0.09630198073599529,24.27968666865481,0.4580641678731486
Beta Factor (BAB),0.17970170074161101,0.18213601074477626,17.9701700741611,0.5595100925794301
Breakout Signal,0.1651306126974657,0.13597790679757316,16.513061269746572,0.4632697475031562
Volatility Factor,0.06251350848857563,0.12643345041584395,6.251350848857563,0.3163640037219392
Mean Reversion,0.05,0.30039844531124643,5.0,-0.0316259489387864
Kurtosis Factor,0.05,0.11434460741029191,5.0,0.6754892560045566
Days from High,0.0,0.09370830836233837,0.0,-0.2410221228400945
Carry Factor,0.0,-0.12054666440121918,0.0,-0.8126296330824707
