Strategy,Weight,Expected_Return,Weight_Pct,Sharpe_Ratio
Size Factor,0.36003637295929286,0.162524417219111,36.00363729592929,0.7002620069491946
Breakout Signal,0.25773579981186967,0.13597790679757316,25.773579981186966,0.4632697475031562
Beta Factor (BAB),0.23715797084544465,0.18213601074477626,23.715797084544466,0.5595100925794301
Kurtosis Factor,0.04999999999999953,0.11434460741029191,4.999999999999953,0.6754892560045566
Mean Reversion,0.049999999999993855,0.30039844531124643,4.999999999999385,-0.0316259489387864
Volatility Factor,0.039845005638699256,0.12643345041584395,3.9845005638699256,0.3163640037219392
Days from High,0.0052248507446976235,0.09370830836233837,0.5224850744697623,-0.2410221228400945
Carry Factor,2.5844710616598976e-15,-0.12054666440121918,2.5844710616598974e-13,-0.8126296330824707
