Strategy,Weight,Weight_Pct,Sharpe,Avg_Return,Volatility,Max_Drawdown
Size Factor,0.457584,45.7584,0.7002620069491946,0.1764344883681445,0.2116025356851503,-0.2948760694629408
Breakout Signal,0.284358,28.4358,0.4632697475031562,0.1456275716099133,0.236112418042603,-0.2538359332712547
Beta Factor (BAB),0.258058,25.8058,0.5595100925794301,0.199722863057967,0.2690967043783481,-0.3474870449180359
Volatility Factor,0.0,0.0,0.3163640037219392,0.1347490868499192,0.2629547960774902,-0.3054132886701653
