Method,Description,total_return,annualized_return,annualized_vol,sharpe_ratio,max_drawdown,win_rate,calmar_ratio,num_days,final_value
Top/Bottom 10 Coins,"Fixed count: 10 longs, 10 shorts",-0.2441984113493797,-0.04683285043484242,0.22489327446041182,-0.20824477987262555,-0.5790334555018993,0.5236977944626936,-0.08088107861444424,2132,7558.015886506203
Top/Bottom Deciles,Top 10% and Bottom 10% by percentile,-0.6298854883363,-0.15657163708662958,0.35907644489432605,-0.43603984419726455,-0.7931262055554217,0.5373064289066166,-0.19741074748246829,2132,3701.145116637001
