Strategy,Description,Sharpe Ratio,Weight,Weight_Pct
Volatility Factor,Strategy: long_low_short_high (VECTORIZED),1.0804866855640243,0.5598806861623348,55.98806861623348
Breakout Signal,"Entry: 50d, Exit: 70d (VECTORIZED)",0.38690107277401464,0.2004822835818489,20.04822835818489
Beta Factor (BAB),"Strategy: BAB, Weighting: equal_weight, Rebal: 5d (VECTORIZED)",0.16537451729116823,0.08569286364358235,8.569286364358234
Kurtosis Factor,"Strategy: momentum, Rebal: 14d (VECTORIZED)",0.10410424083010128,0.05394416661223385,5.394416661223385
Size Factor,Strategy: long_small_short_large (VECTORIZED),-0.564142584221419,0.04999999999999999,4.999999999999999
Carry Factor,"Top 10 short, Bottom 10 long (VECTORIZED)",-0.09073984508169726,0.04999999999999999,4.999999999999999
