Strategy,Description,Sharpe Ratio,Weight,Weight_Pct
Volatility Factor,Strategy: long_low_short_high (VECTORIZED),1.0804866855640243,0.47579577575940335,47.579577575940334
Breakout Signal,"Entry: 50d, Exit: 70d (VECTORIZED)",0.38690107277401464,0.17037312770454277,17.037312770454278
ADF Factor (trend_following_premium),"ADF window: 60d, Rebal: 7d (PARTIALLY VECTORIZED)",0.2988551124313999,0.13160180681424594,13.160180681424594
Beta Factor (BAB),"Strategy: BAB, Weighting: equal_weight, Rebal: 5d (VECTORIZED)",0.16537451729116823,0.07282319883869202,7.282319883869202
Kurtosis Factor,"Strategy: momentum, Rebal: 14d (VECTORIZED)",0.10410424083010128,0.04980203029437192,4.980203029437192
Size Factor,Strategy: long_small_short_large (VECTORIZED),-0.564142584221419,0.04980203029437192,4.980203029437192
Carry Factor,"Top 10 short, Bottom 10 long (VECTORIZED)",-0.09073984508169726,0.04980203029437192,4.980203029437192
