Strategy,Description,Avg Return,Avg Drawdown,Stdev Return,Stdev Downside Return,Sharpe Ratio,Sortino Ratio,Information Coefficient,Max Drawdown,Win Rate,Calmar Ratio,Total Return,Final Value,Num Days
Breakout Signal,"Entry: 50d, Exit: 70d",0.1252575623115828,-0.03302987425660448,0.18836991277077078,0.14742620691065694,0.5591166900184968,0.7143964722045159,0.06188935537316308,-0.19785162807891743,0.5211267605633803,0.5323219381619485,0.10252128014900154,11025.212801490015,356
